-- phpMyAdmin SQL Dump
-- version 4.9.2
-- https://www.phpmyadmin.net/
--
-- Host: 127.0.0.1
-- Generation Time: Feb 02, 2020 at 07:16 AM
-- Server version: 10.4.11-MariaDB
-- PHP Version: 7.2.26

SET SQL_MODE = "NO_AUTO_VALUE_ON_ZERO";
SET AUTOCOMMIT = 0;
START TRANSACTION;
SET time_zone = "+00:00";


/*!40101 SET @OLD_CHARACTER_SET_CLIENT=@@CHARACTER_SET_CLIENT */;
/*!40101 SET @OLD_CHARACTER_SET_RESULTS=@@CHARACTER_SET_RESULTS */;
/*!40101 SET @OLD_COLLATION_CONNECTION=@@COLLATION_CONNECTION */;
/*!40101 SET NAMES utf8mb4 */;

--
-- Database: `mudi`
--

-- --------------------------------------------------------

--
-- Table structure for table `bd_division`
--

CREATE TABLE `bd_division` (
  `id` int(11) NOT NULL,
  `name` varchar(20) NOT NULL
) ENGINE=InnoDB DEFAULT CHARSET=utf8mb4;

--
-- Dumping data for table `bd_division`
--

INSERT INTO `bd_division` (`id`, `name`) VALUES
(1, 'চট্টগ্রাম বিভাগ'),
(2, 'রাজশাহী বিভাগ'),
(3, 'খুলনা বিভাগ'),
(4, 'বরিশাল বিভাগ'),
(5, 'সিলেট বিভাগ'),
(6, 'ঢাকা বিভাগ'),
(7, 'রংপুর বিভাগ'),
(8, 'ময়মনসিংহ বিভাগ');

-- --------------------------------------------------------

--
-- Table structure for table `bd_upazila`
--

CREATE TABLE `bd_upazila` (
  `upazila_id` int(11) NOT NULL,
  `name` varchar(30) NOT NULL,
  `zila_id` int(11) NOT NULL,
  `division_id` int(11) NOT NULL
) ENGINE=InnoDB DEFAULT CHARSET=utf8mb4;

--
-- Dumping data for table `bd_upazila`
--

INSERT INTO `bd_upazila` (`upazila_id`, `name`, `zila_id`, `division_id`) VALUES
(1, 'দেবিদ্বার', 1, 1),
(2, 'বরুড়া', 1, 1),
(3, 'ব্রাহ্মণপাড়া', 1, 1),
(4, 'চান্দিনা', 1, 1),
(5, 'চৌদ্দগ্রাম', 1, 1),
(6, 'দাউদকান্দি', 1, 1),
(7, 'হোমনা', 1, 1),
(8, 'লাকসাম', 1, 1),
(9, 'মুরাদনগর', 1, 1),
(10, 'নাঙ্গলকোট', 1, 1),
(11, 'কুমিল্লা সদর', 1, 1),
(12, 'মেঘনা', 1, 1),
(13, 'মনোহরগঞ্জ', 1, 1),
(14, 'সদর দক্ষিণ', 1, 1),
(15, 'তিতাস', 1, 1),
(16, 'বুড়িচং', 1, 1),
(17, 'লালমাই', 1, 1),
(18, 'ছাগলনাইয়া উপজেলা', 2, 1),
(19, 'ফেনী সদর', 2, 1),
(20, 'সোনাগাজী উপজেলা', 2, 1),
(21, 'ফুলগাজী উপজেলা', 2, 1),
(22, 'পরশুরাম', 2, 1),
(23, 'দাগনভূঞা', 2, 1),
(24, 'ব্রাহ্মণবাড়িয়া সদর', 3, 1),
(25, 'কসবা', 3, 1),
(26, 'নাসিরনগর', 3, 1),
(27, 'সরাইল উপজেলা', 3, 1),
(28, 'আশুগঞ্জ', 3, 1),
(29, 'আখাউড়া', 3, 1),
(30, 'নবীনগর', 3, 1),
(31, 'বাঞ্ছারামপুর', 3, 1),
(32, 'বিজয়নগর', 3, 1),
(33, 'রাঙ্গামাটি সদর', 4, 1),
(34, 'কাপ্তাই', 4, 1),
(35, 'কাউখালী', 4, 1),
(36, 'বাঘাইছড়ি', 4, 1),
(37, 'বরকল', 4, 1),
(38, 'লংগদু', 4, 1),
(39, 'রাজস্থলী', 4, 1),
(40, 'বিলাইছড়ি', 4, 1),
(41, 'জুরাছড়ি', 4, 1),
(42, 'নানিয়ারচর', 4, 1),
(43, 'নোয়াখালী', 5, 1),
(44, 'কোম্পানীগঞ্জ', 5, 1),
(45, 'বেগমগঞ্জ', 5, 1),
(46, 'হাতিয়া', 5, 1),
(47, 'সুবর্ণচর', 5, 1),
(48, 'কবিরহাট', 5, 1),
(49, 'সেনবাগ', 5, 1),
(50, 'চাটখিল', 5, 1),
(51, 'সোনাইমুড়ী', 5, 1),
(52, 'হাইমচর', 6, 1),
(53, 'কচুয়া', 6, 1),
(54, 'শাহরাস্তি', 6, 1),
(55, 'চাঁদপুর সদর', 6, 1),
(56, 'মতলব', 6, 1),
(57, 'হাজীগঞ্জ', 6, 1),
(58, 'মতলব', 6, 1),
(59, 'ফরিদগঞ্জ', 6, 1),
(60, 'লক্ষ্মীপুর সদর', 7, 1),
(61, 'কমলনগর', 7, 1),
(62, 'রায়পুর', 7, 1),
(63, 'রামগতি', 7, 1),
(64, 'রামগঞ্জ', 7, 1),
(65, 'রাঙ্গুনিয়া', 8, 1),
(66, 'সীতাকুন্ড উপজেলা', 8, 1),
(67, 'মীরসরাই', 8, 1),
(68, 'পটিয়া', 8, 1),
(69, 'সন্দ্বীপ', 8, 1),
(70, 'বাঁশখালী', 8, 1),
(71, 'বোয়ালখালী', 8, 1),
(72, 'আনোয়ারা', 8, 1),
(73, 'চন্দনাইশ', 8, 1),
(74, 'সাতকানিয়া', 8, 1),
(75, 'লোহাগাড়া', 8, 1),
(76, 'হাটহাজারী', 8, 1),
(77, 'ফটিকছড়ি', 8, 1),
(78, 'রাউজান', 8, 1),
(79, 'কর্ণফুলী', 8, 1),
(80, 'কক্সবাজার সদর', 9, 1),
(81, 'চকরিয়া', 9, 1),
(82, 'কুতুবদিয়া', 9, 1),
(83, 'উখিয়া', 9, 1),
(84, 'মহেশখালী', 9, 1),
(85, 'পেকুয়া', 9, 1),
(86, 'রামু', 9, 1),
(87, 'টেকনাফ', 9, 10),
(88, 'খাগড়াছড়ি সদর', 10, 1),
(89, 'দিঘীনালা', 10, 1),
(90, 'পানছড়ি', 10, 1),
(91, 'লক্ষীছড়ি', 10, 1),
(92, 'মহালছড়ি', 10, 1),
(93, 'মানিকছড়ি', 10, 1),
(94, 'রামগড়', 10, 1),
(95, 'মাটিরাঙ্গা', 10, 1),
(96, 'গুইমারা', 10, 1),
(97, 'বান্দরবান সদর', 11, 1),
(98, 'আলীকদম', 11, 1),
(99, 'নাইক্ষ্যংছড়ি', 11, 1),
(100, 'রোয়াংছড়ি', 11, 1),
(101, 'লামা', 11, 1),
(102, 'রুমা', 11, 1),
(103, 'থানচি', 11, 1),
(104, 'বেলকুচি', 12, 2),
(105, 'চৌহালি', 12, 2),
(106, 'কামারখন্দ', 12, 2),
(107, 'কাজীপুর', 12, 2),
(108, 'রায়গঞ্জ', 12, 2),
(109, 'শাহজাদপুর', 12, 2),
(110, 'সিরাজগঞ্জ', 12, 2),
(111, 'তাড়াশ', 12, 2),
(112, 'উল্লাপাড়া', 12, 2),
(113, 'সুজানগর', 13, 2),
(114, 'ঈশ্বরদী', 13, 2),
(115, 'ভাঙ্গুড়া', 13, 2),
(116, 'পাবনা সদর', 13, 2),
(117, 'বেড়া', 13, 2),
(118, 'আটঘরিয়া', 13, 2),
(119, 'চাটমোহর', 13, 2),
(120, 'সাঁথিয়া', 13, 2),
(121, 'ফরিদপুর', 13, 2),
(122, 'কাহালু উপজেলা', 14, 2),
(123, 'বগুড়া সদর', 14, 2),
(124, 'সারিয়াকান্দি', 14, 2),
(125, 'শাজাহানপুর', 14, 2),
(126, 'দুপচাচিঁয়া উপজেলা', 14, 2),
(127, 'আদমদিঘি উপজেলা', 14, 2),
(128, 'নন্দিগ্রাম', 14, 2),
(129, 'সোনাতলা', 14, 2),
(130, 'ধুনট উপজেলা', 14, 2),
(131, 'গাবতলী', 14, 2),
(132, 'শেরপুর উপজেলা', 14, 2),
(133, 'শিবগঞ্জ', 14, 2),
(134, 'পবা উপজেলা', 15, 2),
(135, 'দুর্গাপুর উপজেলা', 15, 2),
(136, 'মোহনপুর উপজেলা', 15, 2),
(137, 'চারঘাট উপজেলা', 15, 2),
(138, 'পুঠিয়া উপজেলা', 15, 2),
(139, 'বাঘা উপজেলা', 15, 2),
(140, 'গোদাগাড়ী', 15, 2),
(141, 'তানোর', 15, 2),
(142, 'বাগমারা', 15, 2),
(143, 'নাটোর সদর', 16, 2),
(144, 'সিংড়া', 16, 2),
(145, 'বড়াইগ্রাম', 16, 2),
(146, 'বাগাতিপাড়া', 16, 2),
(147, 'লালপুর', 16, 2),
(148, 'গুরুদাসপুর', 16, 2),
(149, 'নলডাঙ্গা', 16, 2),
(150, 'আক্কেলপুর উপজেলা', 17, 2),
(151, 'কালাই উপজেলা', 17, 2),
(152, 'ক্ষেতলাল উপজেলা', 17, 2),
(153, 'পাঁচবিবি উপজেলা', 17, 2),
(154, 'জয়পুরহাট সদর', 17, 2),
(155, 'চাঁপাইনবাবগঞ্জ সদর', 18, 2),
(156, 'গোমস্তাপুর', 18, 2),
(157, 'নাচোল', 18, 2),
(158, 'ভোলাহাট', 18, 2),
(159, 'শিবগঞ্জ', 18, 2),
(160, 'মহাদেবপুর উপজেলা', 19, 2),
(161, 'বদলগাছী উপজেলা', 19, 2),
(162, 'পত্নিতলা উপজেলা', 19, 2),
(163, 'ধামইরহাট উপজেলা', 19, 2),
(164, 'নিয়ামতপুর উপজেলা', 19, 2),
(165, 'মান্দা', 19, 2),
(166, 'আত্রাই', 19, 2),
(167, 'রাণীনগর', 19, 2),
(168, 'নওগাঁ', 19, 2),
(169, 'পোরশা', 19, 2),
(170, 'সাপাহার', 19, 2),
(171, 'মণিরামপুর', 20, 3),
(172, 'অভয়নগর', 20, 3),
(173, 'বাঘারপাড়া', 20, 3),
(174, 'চৌগাছা', 20, 3),
(175, 'ঝিকরগাছা', 20, 3),
(176, 'কেশবপুর', 20, 3),
(177, 'যশোর সদর', 20, 3),
(178, 'শার্শা', 20, 3),
(179, 'আশাশুনি', 21, 3),
(180, 'দেবহাটা', 21, 3),
(181, 'কলারোয়া', 21, 3),
(182, 'সাতক্ষীরা সদর', 21, 3),
(183, 'শ্যামনগর', 21, 3),
(184, 'তালা', 21, 3),
(185, 'কালিগঞ্জ', 21, 3),
(186, 'মুজিবনগর', 22, 3),
(187, 'মেহেরপুর সদর', 22, 3),
(188, 'গাংনী', 22, 3),
(189, 'নড়াইল সদর', 23, 3),
(190, 'লোহাগড়া', 23, 3),
(191, 'কালিয়া', 23, 3),
(192, 'চুয়াডাঙ্গা সদর', 24, 3),
(193, 'আলমডাঙ্গা', 24, 3),
(194, 'দামুড়হুদা', 24, 3),
(195, 'জীবননগর', 24, 3),
(196, 'কুষ্টিয়া সদর', 25, 3),
(197, 'কুমারখালী', 25, 3),
(198, 'খোকসা', 25, 3),
(199, 'মিরপুর', 25, 3),
(200, 'দৌলতপুর', 25, 3),
(201, 'ভেড়ামারা', 25, 3),
(202, 'শালিখা', 26, 3),
(203, 'শ্রীপুর', 26, 3),
(204, 'মাগুরা সদর', 26, 3),
(205, 'মহম্মদপুর', 26, 3),
(206, 'পাইকগাছা', 27, 3),
(207, 'ফুলতলা উপজেলা', 27, 3),
(208, 'দিঘলিয়া উপজেলা', 27, 3),
(209, 'রূপসা উপজেলা', 27, 3),
(210, 'তেরখাদা উপজেলা', 27, 3),
(211, 'ডুমুরিয়া', 27, 3),
(212, 'বটিয়াঘাটা', 27, 3),
(213, 'দাকোপ', 27, 3),
(214, 'কয়রা', 27, 3),
(215, 'ফকিরহাট', 28, 3),
(216, 'বাগেরহাট সদর', 28, 3),
(217, 'মোল্লাহাট', 28, 3),
(218, 'শরণখোলা', 28, 3),
(219, 'রামপাল', 28, 3),
(220, 'মোড়েলগঞ্জ', 28, 3),
(221, 'কচুয়া', 28, 3),
(222, 'মোংলা', 28, 3),
(223, 'চিতলমারী', 28, 3),
(224, 'ঝিনাইদহ সদর', 29, 3),
(225, 'শৈলকুপা', 29, 3),
(226, 'হরিণাকুন্ডু', 29, 3),
(227, 'কালীগঞ্জ', 29, 3),
(228, 'কোটচাঁদপুর', 29, 3),
(229, 'মহেশপুর', 29, 3),
(230, 'ঝালকাঠি সদর', 30, 4),
(231, 'কাঠালিয়া', 30, 4),
(232, 'নলছিটি', 30, 4),
(233, 'রাজাপুর', 30, 4),
(234, 'বাউফল', 31, 4),
(235, 'পটুয়াখালী সদর', 31, 4),
(236, 'দুমকি', 31, 4),
(237, 'দশমিনা', 31, 4),
(238, 'কলাপাড়া', 31, 4),
(239, 'মির্জাগঞ্জ', 31, 4),
(240, 'গলাচিপা', 31, 4),
(241, 'রাঙ্গাবালী', 31, 4),
(242, 'পিরোজপুর সদর', 32, 4),
(243, 'নাজিরপুর', 32, 4),
(244, 'কাউখালী', 32, 4),
(245, 'ভান্ডারিয়া', 32, 4),
(246, 'মঠবাড়ীয়া', 32, 4),
(247, 'নেছারাবাদ', 32, 4),
(248, 'ইন্দুরকানী', 32, 4),
(249, 'বরিশাল সদর', 33, 4),
(250, 'বাকেরগঞ্জ', 33, 4),
(251, 'বাবুগঞ্জ', 33, 4),
(252, 'উজিরপুর', 33, 4),
(253, 'বানারীপাড়া', 33, 4),
(254, 'গৌরনদী', 33, 4),
(255, 'আগৈলঝাড়া', 33, 4),
(256, 'মেহেন্দিগঞ্জ', 33, 4),
(257, 'মুলাদী', 33, 4),
(258, 'হিজলা', 33, 4),
(259, 'ভোলা সদর', 34, 4),
(260, 'বোরহান উদ্দিন', 34, 4),
(261, 'চরফ্যাশন', 34, 4),
(262, 'দৌলতখান', 34, 4),
(263, 'মনপুরা', 34, 4),
(264, 'তজুমদ্দিন', 34, 4),
(265, 'লালমোহন', 34, 4),
(266, 'আমতলী', 35, 4),
(267, 'বরগুনা সদর', 35, 4),
(268, 'বেতাগী উপজেলা', 35, 4),
(269, 'বামনা', 35, 4),
(270, 'পাথরঘাটা', 35, 4),
(271, 'তালতলি', 35, 4),
(272, 'বালাগঞ্জ', 36, 5),
(273, 'বিয়ানীবাজার', 36, 5),
(274, 'বিশ্বনাথ', 36, 5),
(275, 'কোম্পানীগঞ্জ', 36, 5),
(276, 'ফেঞ্চুগঞ্জ', 36, 5),
(277, 'গোলাপগঞ্জ', 36, 5),
(278, 'গোয়াইনঘাট', 36, 5),
(279, 'জৈন্তাপুর', 36, 5),
(280, 'কানাইঘাট', 36, 5),
(281, 'সিলেট সদর', 36, 5),
(282, 'জকিগঞ্জ', 36, 5),
(283, 'দক্ষিণ সুরমা', 36, 5),
(284, 'ওসমানী', 36, 5),
(285, 'বড়লেখা', 37, 5),
(286, 'কমলগঞ্জ', 37, 5),
(287, 'কুলাউড়া', 37, 5),
(288, 'মৌলভীবাজার সদর', 37, 5),
(289, 'রাজনগর', 37, 5),
(290, 'শ্রীমঙ্গল', 37, 5),
(291, 'জুড়ী', 37, 5),
(292, 'নবীগঞ্জ', 38, 5),
(293, 'বাহুবল', 38, 5),
(294, 'আজমিরীগঞ্জ', 38, 5),
(295, 'বানিয়াচং', 38, 5),
(296, 'লাখাই', 38, 5),
(297, 'চুনারুঘাট', 38, 5),
(298, 'হবিগঞ্জ সদর', 38, 5),
(299, 'মাধবপুর উপজেলা', 38, 5),
(300, 'শায়েস্তাগঞ্জ', 38, 5),
(301, 'সুনামগঞ্জ সদর', 39, 5),
(302, 'দক্ষিণ সুনামগঞ্জ', 39, 5),
(303, 'বিশ্বম্ভরপুর', 39, 5),
(304, 'ছাতক', 39, 5),
(305, 'জগন্নাথপুর', 39, 5),
(306, 'দোয়ারাবাজার', 39, 5),
(307, 'তাহিরপুর', 39, 5),
(308, 'ধর্মপাশা', 39, 5),
(309, 'জামালগঞ্জ', 39, 5),
(310, 'শাল্লা', 39, 5),
(311, 'দিরাই', 39, 5),
(312, 'বেলাবো', 40, 6),
(313, 'মনোহরদী', 40, 6),
(314, 'নরসিংদী', 40, 6),
(315, 'পলাশ', 40, 6),
(316, 'রায়পুরা', 40, 6),
(317, 'শিবপুর', 40, 6),
(318, 'কালীগঞ্জ', 41, 6),
(319, 'কালিয়াকৈর', 41, 6),
(320, 'কাপাসিয়া', 41, 6),
(321, 'গাজীপুর সদর', 41, 6),
(322, 'শ্রীপুর', 41, 6),
(323, 'শরিয়তপুর সদর', 42, 6),
(324, 'নড়িয়া', 42, 6),
(325, 'জাজিরা', 42, 6),
(326, 'গোসাইরহাট', 42, 6),
(327, 'ভেদরগঞ্জ', 42, 6),
(328, 'ডামুড্যা', 42, 6),
(329, 'আড়াইহাজার', 43, 6),
(330, 'বন্দর উপজেলা', 43, 6),
(331, 'নারায়নগঞ্জ সদর', 43, 6),
(332, 'রূপগঞ্জ উপজেলা', 43, 6),
(333, 'সোনারগাঁ উপজেলা', 43, 6),
(334, 'বাসাইল', 44, 6),
(335, 'ভুয়াপুর', 44, 6),
(336, 'দেলদুয়ার', 44, 6),
(337, 'ঘাটাইল', 44, 6),
(338, 'গোপালপুর', 44, 6),
(339, 'মধুপুর', 44, 6),
(340, 'মির্জাপুর', 44, 6),
(341, 'নাগরপুর', 44, 6),
(342, 'সখিপুর', 44, 6),
(343, 'টাঙ্গাইল সদর', 44, 6),
(344, 'কালিহাতী', 44, 6),
(345, 'ধনবাড়ী', 44, 6),
(346, 'ইটনা', 45, 6),
(347, 'কটিয়াদী', 45, 6),
(348, 'ভৈরব', 45, 6),
(349, 'তাড়াইল', 45, 6),
(350, 'হোসেনপুর', 45, 6),
(351, 'পাকুন্দিয়া', 45, 6),
(352, 'কুলিয়ারচর', 45, 6),
(353, 'কিশোরগঞ্জ সদর', 45, 6),
(354, 'করিমগঞ্জ', 45, 6),
(355, 'বাজিতপুর', 45, 6),
(356, 'অষ্টগ্রাম', 45, 6),
(357, 'মিঠামইন', 45, 6),
(358, 'নিকলী', 45, 6),
(359, 'হরিরামপুর', 46, 6),
(360, 'সাটুরিয়া', 46, 6),
(361, 'মানিকগঞ্জ সদর', 46, 6),
(362, 'ঘিওর', 46, 6),
(363, 'শিবালয়', 46, 6),
(364, 'দৌলতপুর', 46, 6),
(365, 'সিংগাইর', 46, 6),
(366, 'সাভার', 47, 6),
(367, 'ধামরাই', 47, 6),
(368, 'কেরাণীগঞ্জ', 47, 6),
(369, 'নবাবগঞ্জ', 47, 6),
(370, 'দোহার', 47, 6),
(371, 'মুন্সিগঞ্জ সদর', 48, 6),
(372, 'শ্রীনগর', 48, 6),
(373, 'সিরাজদিখান', 48, 6),
(374, 'লৌহজং', 48, 6),
(375, 'গজারিয়া', 48, 6),
(376, 'টংগীবাড়ি', 48, 6),
(377, 'রাজবাড়ী সদর', 49, 6),
(378, 'গোয়ালন্দ', 49, 6),
(379, 'পাংশা', 49, 6),
(380, 'বালিয়াকান্দি', 49, 6),
(381, 'কালুখালী', 49, 6),
(382, 'মাদারীপুর সদর', 50, 6),
(383, 'শিবচর', 50, 6),
(384, 'কালকিনি', 50, 6),
(385, 'রাজৈর', 50, 6),
(386, 'গোপালগঞ্জ সদর', 51, 6),
(387, 'কাশিয়ানী', 51, 6),
(388, 'টুংগীপাড়া', 51, 6),
(389, 'কোটালীপাড়া', 51, 6),
(390, 'মুকসুদপুর', 51, 6),
(391, 'ফরিদপুর সদর', 52, 6),
(392, 'আলফাডাঙ্গা', 52, 6),
(393, 'বোয়ালমারী', 52, 6),
(394, 'সদরপুর', 52, 6),
(395, 'নগরকান্দা', 52, 6),
(396, 'ভাঙ্গা', 52, 6),
(397, 'চরভদ্রাসন', 52, 6),
(398, 'মধুখালী', 52, 6),
(399, 'সালথা', 52, 6),
(400, 'পঞ্চগড়', 53, 7),
(401, 'দেবীগঞ্জ', 53, 7),
(402, 'বোদা', 53, 7),
(403, 'আটোয়ারী', 53, 7),
(404, 'তেতুলিয়া', 53, 7),
(405, 'নবাবগঞ্জ', 54, 7),
(406, 'বীরগঞ্জ উপজেলা', 54, 7),
(407, 'ঘোড়াঘাট', 54, 7),
(408, 'বিরামপুর', 54, 7),
(409, 'পার্বতীপুর উপজেলা', 54, 7),
(410, 'বোচাগঞ্জ উপজেলা', 54, 7),
(411, 'কাহারোল উপজেলা', 54, 7),
(412, 'ফুলবাড়ী', 54, 7),
(413, 'দিনাজপুর সদর', 54, 7),
(414, 'হাকিমপুর উপজেলা', 54, 7),
(415, 'খানসামা', 54, 7),
(416, 'বিরল উপজেলা', 54, 7),
(417, 'চিরিরবন্দর উপজেলা', 54, 7),
(418, 'লালমনিরহাট সদর', 55, 7),
(419, 'কালীগঞ্জ', 55, 7),
(420, 'হাতীবান্ধা', 55, 7),
(421, 'পাটগ্রাম', 55, 7),
(422, 'আদিতমারী উপজেলা', 55, 7),
(423, 'সৈয়দপুর উপজেলা', 56, 7),
(424, 'ডোমার উপজেলা', 56, 7),
(425, 'ডিমলা', 56, 7),
(426, 'জলঢাকা', 56, 7),
(427, 'কিশোরগঞ্জ', 56, 7),
(428, 'নীলফামারী সদর', 56, 7),
(429, 'সাদুল্লাপুর', 57, 7),
(430, 'গাইবান্ধা সদর', 57, 7),
(431, 'পলাশবাড়ী', 57, 7),
(432, 'সাঘাটা উপজেলা', 57, 7),
(433, 'গোবিন্দগঞ্জ উপজেলা', 57, 7),
(434, 'সুন্দরগঞ্জ', 57, 7),
(435, 'ফুলছড়ি', 57, 7),
(436, 'ঠাকুরগাঁও সদর', 58, 7),
(437, 'পীরগঞ্জ', 58, 7),
(438, 'রাণীশংকৈল', 58, 7),
(439, 'হরিপুর', 58, 7),
(440, 'বালিয়াডাঙ্গী', 58, 7),
(441, 'রংপুর সদর', 59, 7),
(442, 'গংগাচড়া', 59, 7),
(443, 'তারাগঞ্জ', 59, 7),
(444, 'বদরগঞ্জ', 59, 7),
(445, 'মিঠাপুকুর', 59, 7),
(446, 'পীরগঞ্জ', 59, 7),
(447, 'কাউনিয়া', 59, 7),
(448, 'পীরগাছা', 59, 7),
(449, 'কুড়িগ্রাম সদর', 60, 7),
(450, 'নাগেশ্বরী', 60, 7),
(451, 'ভুরুঙ্গামারী', 60, 7),
(452, 'ফুলবাড়ী', 60, 7),
(453, 'রাজারহাট', 60, 7),
(454, 'উলিপুর', 60, 7),
(455, 'চিলমারী', 60, 7),
(456, 'রৌমারী', 60, 7),
(457, 'চর রাজিবপুর', 60, 7),
(458, 'শেরপুর সদর', 61, 8),
(459, 'নালিতাবাড়ী উপজেলা', 61, 8),
(460, 'শ্রীবরদী', 61, 8),
(461, 'নকলা', 61, 8),
(462, 'ঝিনাইগাতী', 61, 8),
(463, 'ফুলবাড়ীয়া', 62, 8),
(464, 'ত্রিশাল', 62, 8),
(465, 'ভালুকা', 62, 8),
(466, 'মুক্তাগাছা', 62, 8),
(467, 'ময়মনসিংহ সদর', 62, 8),
(468, 'ধোবাউড়া', 62, 8),
(469, 'ফুলপুর', 62, 8),
(470, 'হালুয়াঘাট', 62, 8),
(471, 'গৌরীপুর', 62, 8),
(472, 'গফরগাঁও', 62, 8),
(473, 'ঈশ্বরগঞ্জ', 62, 8),
(474, 'নান্দাইল', 62, 8),
(475, 'তারাকান্দা', 62, 8),
(476, 'জামালপুর সদর', 63, 8),
(477, 'মেলান্দহ', 63, 8),
(478, 'ইসলামপুর', 63, 8),
(479, 'দেওয়ানগঞ্জ', 63, 8),
(480, 'সরিষাবাড়ী', 63, 8),
(481, 'মাদারগঞ্জ', 63, 8),
(482, 'বকশীগঞ্জ', 63, 8),
(483, 'বারহাট্টা', 64, 8),
(484, 'দুর্গাপুর', 64, 8),
(485, 'কেন্দুয়া', 64, 8),
(486, 'আটপাড়া', 64, 8),
(487, 'মদন', 64, 8),
(488, 'খালিয়াজুরী', 64, 8),
(489, 'কলমাকান্দা', 64, 8),
(490, 'মোহনগঞ্জ', 64, 8),
(491, 'পূর্বধলা', 64, 8),
(492, 'নেত্রকোণা সদর', 64, 8);

-- --------------------------------------------------------

--
-- Table structure for table `bd_zila`
--

CREATE TABLE `bd_zila` (
  `zila_id` int(11) NOT NULL,
  `name` varchar(30) NOT NULL,
  `division_id` int(11) NOT NULL
) ENGINE=InnoDB DEFAULT CHARSET=utf8mb4;

--
-- Dumping data for table `bd_zila`
--

INSERT INTO `bd_zila` (`zila_id`, `name`, `division_id`) VALUES
(1, 'কুমিল্লা', 1),
(2, 'ফেনী	', 1),
(3, 'ব্রাহ্মণবাড়িয়া', 1),
(4, 'রাঙ্গামাটি', 1),
(5, 'নোয়াখালী', 1),
(6, 'চাঁদপুর', 1),
(7, 'লক্ষ্মীপুর', 1),
(8, 'চট্টগ্রাম', 1),
(9, 'কক্সবাজার', 1),
(10, 'খাগড়াছড়ি', 1),
(11, 'বান্দরবান', 1),
(12, 'সিরাজগঞ্জ', 2),
(13, 'পাবনা', 2),
(14, 'বগুড়া', 2),
(15, 'রাজশাহী', 2),
(16, 'নাটোর', 2),
(17, 'জয়পুরহাট', 2),
(18, 'চাঁপাইনবাবগঞ্জ', 2),
(19, 'নওগাঁ', 2),
(20, 'যশোর', 3),
(21, 'সাতক্ষীরা', 3),
(22, 'মেহেরপুর', 3),
(23, 'নড়াইল', 3),
(24, 'চুয়াডাঙ্গা', 3),
(25, 'কুষ্টিয়া', 3),
(26, 'মাগুরা', 3),
(27, 'খুলনা	', 3),
(28, 'বাগেরহাট', 3),
(29, 'ঝিনাইদহ	', 3),
(30, 'ঝালকাঠি', 4),
(31, 'পটুয়াখালী', 4),
(32, 'পিরোজপুর', 4),
(33, 'বরিশাল', 4),
(34, 'ভোলা', 4),
(35, 'বরগুনা', 4),
(36, 'সিলেট', 5),
(37, 'মৌলভীবাজার', 5),
(38, 'হবিগঞ্জ', 5),
(39, 'সুনামগঞ্জ', 5),
(40, 'নরসিংদী', 6),
(41, 'গাজীপুর', 6),
(42, 'শরীয়তপুর', 6),
(43, 'নারায়ণগঞ্জ', 6),
(44, 'টাঙ্গাইল', 6),
(45, 'কিশোরগঞ্জ', 6),
(46, 'মানিকগঞ্জ', 6),
(47, 'ঢাকা', 6),
(48, 'মুন্সিগঞ্জ', 6),
(49, 'রাজবাড়ী', 6),
(50, 'মাদারীপুর', 6),
(51, 'গোপালগঞ্জ', 6),
(52, 'ফরিদপুর', 6),
(53, 'পঞ্চগড়', 7),
(54, 'দিনাজপুর', 7),
(55, 'লালমনিরহাট', 7),
(56, 'নীলফামারী', 7),
(57, 'গাইবান্ধা', 7),
(58, 'ঠাকুরগাঁও', 7),
(59, 'রংপুর', 7),
(60, 'কুড়িগ্রাম', 7),
(61, 'শেরপুর', 8),
(62, 'ময়মনসিংহ', 8),
(63, 'জামালপুর', 8),
(64, 'নেত্রকোণা', 8);

-- --------------------------------------------------------

--
-- Table structure for table `department_info`
--


--
-- Indexes for table `bd_division`
--
ALTER TABLE `bd_division`
  ADD PRIMARY KEY (`id`);

--
-- Indexes for table `bd_upazila`
--
ALTER TABLE `bd_upazila`
  ADD PRIMARY KEY (`upazila_id`);

--
-- Indexes for table `bd_zila`
--
ALTER TABLE `bd_zila`
  ADD PRIMARY KEY (`zila_id`);



--
-- AUTO_INCREMENT for table `bd_division`
--
ALTER TABLE `bd_division`
  MODIFY `id` int(11) NOT NULL AUTO_INCREMENT, AUTO_INCREMENT=9;

--
-- AUTO_INCREMENT for table `bd_upazila`
--
ALTER TABLE `bd_upazila`
  MODIFY `upazila_id` int(11) NOT NULL AUTO_INCREMENT, AUTO_INCREMENT=493;

--
-- AUTO_INCREMENT for table `bd_zila`
--
ALTER TABLE `bd_zila`
  MODIFY `zila_id` int(11) NOT NULL AUTO_INCREMENT, AUTO_INCREMENT=65;

COMMIT;

/*!40101 SET CHARACTER_SET_CLIENT=@OLD_CHARACTER_SET_CLIENT */;
/*!40101 SET CHARACTER_SET_RESULTS=@OLD_CHARACTER_SET_RESULTS */;
/*!40101 SET COLLATION_CONNECTION=@OLD_COLLATION_CONNECTION */;
